DROP DATABASE IF EXISTS MARATON;
CREATE DATABASE IF NOT EXISTS MARATON;
USE MARATON;

DROP TABLE IF EXISTS CLUBS;
CREATE TABLE CLUBS ( 
  CODIGO VARCHAR(3),
  NOMBRE VARCHAR(30) NOT NULL, 
  CONSTRAINT CLUBS_PK PRIMARY KEY (CODIGO));

DROP TABLE IF EXISTS CATEGORIAS;
CREATE TABLE CATEGORIAS (
  CODIGO VARCHAR(3),
  NOMBRE VARCHAR(30) NOT NULL,
  DESDE NUMERIC(4) NOT NULL,
  HASTA NUMERIC(4) NOT NULL,
  SEXO VARCHAR(1) NOT NULL,
  CONSTRAINT CATEGORIAS_PK PRIMARY KEY (CODIGO));

DROP TABLE IF EXISTS PARTICIPANTES;
CREATE TABLE PARTICIPANTES ( 
  DORSAL NUMERIC(5),
  NOMBRE VARCHAR(20) NOT NULL, 
  APELLIDOS VARCHAR(50) NOT NULL,
  DIRECCION VARCHAR(100),
  CODIGOPOSTAL VARCHAR(5),
  POBLACION VARCHAR(25),
  SEXO VARCHAR(1),
  CODIGOCLUB VARCHAR(3),
  CODIGOCATEGORIA VARCHAR(3) NOT NULL,
  NACIMIENTO NUMERIC(4),
  CONSTRAINT PARTICIPANTES_PK PRIMARY KEY (DORSAL),
  CONSTRAINT PARTICIPANTES_CLUB_FK FOREIGN KEY (CODIGOCLUB) REFERENCES CLUBS(CODIGO),
  CONSTRAINT PARTICIPANTES_CATEGORIA_FK FOREIGN KEY (CODIGOCATEGORIA) REFERENCES CATEGORIAS(CODIGO)
  );

INSERT INTO CLUBS
VALUES ('1','100 MARATHON CLUB');
INSERT INTO CLUBS
VALUES ('2','26ALLAN');
INSERT INTO CLUBS
VALUES ('3','AGRUPACIO ATLETICA CATALUNYA');
INSERT INTO CLUBS
VALUES ('4','ASSOCIACIO ATLETICA PALAMOS');
INSERT INTO CLUBS
VALUES ('5','ASS.ATL. TONA');
INSERT INTO CLUBS
VALUES ('6','A.A. XAFATOLLS DE MOLLERUSSA');
INSERT INTO CLUBS
VALUES ('7','C. A. ABRERA');
INSERT INTO CLUBS
VALUES ('8','ASS.CATALANA VETERANS');
INSERT INTO CLUBS
VALUES ('9','AC PORT LA NOUVELLE');
INSERT INTO CLUBS
VALUES ('10','A.C.A.V.');
INSERT INTO CLUBS
VALUES ('11','ADACROS');
INSERT INTO CLUBS
VALUES ('12','A.D.FINES MARTORELL');
INSERT INTO CLUBS
VALUES ('13','ADIDAS');
INSERT INTO CLUBS
VALUES ('14','AGRUPACIO EXCURSIONESTA CATAL.');
INSERT INTO CLUBS
VALUES ('15','A.E.GARBI');
INSERT INTO CLUBS
VALUES ('16','A.E.JUMBERCA');
INSERT INTO CLUBS
VALUES ('17','ASS.ESPORTIVA MOLINS');
INSERT INTO CLUBS
VALUES ('18','ATLETIC ESPLUGUI');
INSERT INTO CLUBS
VALUES ('19','A.E.SANT EULALIA');
INSERT INTO CLUBS
VALUES ('20','GRUPO EXCURSIONISTES MANLLEU');


INSERT INTO CATEGORIAS
VALUES ('1','Infantil','1985','2013','M');
INSERT INTO CATEGORIAS
VALUES ('2','Junior','1982','1984','M');
INSERT INTO CATEGORIAS
VALUES ('3','Senior','1962','1981','M');
INSERT INTO CATEGORIAS
VALUES ('4','Veteranos A','1952','1961','M');
INSERT INTO CATEGORIAS
VALUES ('5','Veteranos B','1942','1951','M');
INSERT INTO CATEGORIAS
VALUES ('6','Veteranos C','1941','1900','M');
INSERT INTO CATEGORIAS
VALUES ('7','Infantil','1985','2013','F');
INSERT INTO CATEGORIAS
VALUES ('8','Junior','1982','1984','F');
INSERT INTO CATEGORIAS
VALUES ('9','Senior','1962','1981','F');
INSERT INTO CATEGORIAS
VALUES ('10','Veteranos A','1952','1961','F');
INSERT INTO CATEGORIAS
VALUES ('11','Veteranos B','1942','1951','F');
INSERT INTO CATEGORIAS
VALUES ('12','Veteranos C','1941','1900','F');

INSERT INTO PARTICIPANTES
VALUES ('1','ANDREU','CAPDEVILA RIBO','TORRAS I BAGES 102','08030','BARCELONA','M',1,5,1944);
INSERT INTO PARTICIPANTES
VALUES ('2','RICARD','PONCE DE LEON FORNELLS','MONTSERRRAT 140-142, 1º','08032','BARCELONA','M',18,3,1962);
INSERT INTO PARTICIPANTES
VALUES ('3','DOMINGO','PABLOS PEREZ','PROVENZA, 360, 4º 2ª','08037','BARCELONA','M',1,6,1941);
INSERT INTO PARTICIPANTES
VALUES ('4','JORDI','BALLART VILLAR','ROSSELLÓ, 15','08190','SANT CUGAT DEL VALLES','M',NULL,4,1955);
INSERT INTO PARTICIPANTES
VALUES ('5','GUIM','PROS TARREGA','VALLDOREIX 40','08190','SANT CUGAT DEL VALLES','M',NULL,3,1976);
INSERT INTO PARTICIPANTES
VALUES ('6','JOSEP  MARIA','BAQUES TORNER','RIUS I TAULET, 70','08190','SANT CUGAT DEL VALLES','M',1,6,1940);
INSERT INTO PARTICIPANTES
VALUES ('7','POL','CARULLA SOLA','SANT RAFAEL, 21-23','08190','SANT CUGAT DEL VALLES','M',1,3,1980);
INSERT INTO PARTICIPANTES
VALUES ('8','CARLES','CANALS CASTELLVI','RIUS I TAULET, 125 B','08190','SANT CUGAT DEL VALLES','M',1,4,1958);
INSERT INTO PARTICIPANTES
VALUES ('9','JOAN LLUIS','PIZANO BARON','SOLSONA, 9-A','08190','SANT CUGAT DEL VALLES','M',NULL,4,1958);
INSERT INTO PARTICIPANTES
VALUES ('10','CARME','JORDI NEBOT','RIUS I TAULET, 125 B','08190','SANT CUGAT DEL VALLES','F',1,10,1958);
INSERT INTO PARTICIPANTES
VALUES ('11','BERNAT','PROS TORRES','PASSEIG XAVIER AZQUETA, 21','08190','SANT CUGAT DEL VALLES','M',1,3,1977);
INSERT INTO PARTICIPANTES
VALUES ('12','MIQUEL','EROLES CODINA','SOLSONA, 17','08190','SANT CUGAT DEL VALLES','M',1,5,1950);
INSERT INTO PARTICIPANTES
VALUES ('13','MIQUEL','PARRILLA LOPEZ','ESTAPE, 46','08190','SANT CUGAT DEL VALLES','M',NULL,3,1962);
INSERT INTO PARTICIPANTES
VALUES ('14','ALBA','CABALLE RIVERA','CREU, 2, 3º 2ª','08190','SANT CUGAT DEL VALLES','F',1,9,1970);
INSERT INTO PARTICIPANTES
VALUES ('15','JOSE','MARTINEZ ABADIA','AVINGUDA DE L''ENLLAÇ, 9,CASA 3','08190','SANT CUGAT DEL VALLES','M',1,4,1956);
INSERT INTO PARTICIPANTES
VALUES ('16','MARC','DINARES LOPEZ','VILASECA, 4, 2º 2ª','08190','SANT CUGAT DEL VALLES','M',1,3,1975);
INSERT INTO PARTICIPANTES
VALUES ('17','JOAN','RAS JANSA','PLAÇA SANT FRANCESC, 7','08190','SANT CUGAT DEL VALLES','M',1,3,1965);
INSERT INTO PARTICIPANTES
VALUES ('18','GABRIEL','CALZADO FERNANDEZ','MARINE, 52','08190','SANT CUGAT DEL VALLES','M',2,4,1959);
INSERT INTO PARTICIPANTES
VALUES ('19','FRANCESC','MORA CALMET','CAMI DE LA CREU, 26','08190','SANT CUGAT DEL VALLES','M',NULL,4,1959);
INSERT INTO PARTICIPANTES
VALUES ('20','SANTI','FERRER JULIA','DOMENEC ORISTRELL, 55','08190','SANT CUGAT DEL VALLES','M',1,5,1949);
INSERT INTO PARTICIPANTES
VALUES ('21','ARNAU','MARTINEZ BERTRAN','PASSATGE DEL CARME, 20','08190','SANT CUGAT DEL VALLES','M',1,2,1984);
INSERT INTO PARTICIPANTES
VALUES ('22','JOSEP MARIA','AYMA AUBEYZON','RAMBLA RIBATALLADA, 20, 6º 1ª','08190','SANT CUGAT DEL VALLES','M',1,5,1949);
INSERT INTO PARTICIPANTES
VALUES ('23','ALBERT','ANDRES COLL','SANTA TERESA 41-43','08190','SANT CUGAT DEL VALLES','M',1,3,1977);
INSERT INTO PARTICIPANTES
VALUES ('24','TONI','ANDRES COLL','SANTA TERESA 41-43','08190','SANT CUGAT DEL VALLES','M',NULL,3,1976);
INSERT INTO PARTICIPANTES
VALUES ('25','BERNAT','VAQUE CIURANA','AULADELL, 14-16, 4º 2 BLOC','08190','SANT CUGAT DEL VALLES','M',1,2,1984);
INSERT INTO PARTICIPANTES
VALUES ('26','HERIBERT','MESTRES SABURIT','CAMI DE CAN MINGUET 31','08190','SANT CUGAT DEL VALLES','M',1,5,1948);
INSERT INTO PARTICIPANTES
VALUES ('27','CONSTANTI','RUBIO GASPAR','ROSELLO, 23, 1º 3ª','08190','SANT CUGAT DEL VALLES','M',1,4,1953);
INSERT INTO PARTICIPANTES
VALUES ('28','ALBERT','GIMENEZ XAIXO','ANGEL GUIMERA, 4, 1º 2ª','08190','SANT CUGAT DEL VALLES','M',1,3,1971);
INSERT INTO PARTICIPANTES
VALUES ('29','PERE','JULIA RIUS','LA MINA, 25, 2º 1ª','08190','SANT CUGAT DEL VALLES','M',1,3,1965);
INSERT INTO PARTICIPANTES
VALUES ('30','JORGE','VALDES HERES','VILLA, 7, 3º 1ª','08190','SANT CUGAT DEL VALLES','M',2,3,1971);
INSERT INTO PARTICIPANTES
VALUES ('31','RUBEN','GONZALEZ BLANCO','VILASECA, 4, 2º 1ª','08190','SANT CUGAT DEL VALLES','M',1,3,1972);
INSERT INTO PARTICIPANTES
VALUES ('32','GEMA','CAMPO FRANCES','DOMENEC ORISTRELL, 55','08190','SANT CUGAT DEL VALLES','F',1,10,1959);
INSERT INTO PARTICIPANTES
VALUES ('33','FRANCESC','CARULLA GRATACOS','SANT RAFAEL, 21-23','08190','SANT CUGAT DEL VALLES','M',1,5,1951);
INSERT INTO PARTICIPANTES
VALUES ('34','JOSEP','BISBAL MORALES','SANTA MARIA, 30','08190','SANT CUGAT DEL VALLES','M',1,3,1975);
INSERT INTO PARTICIPANTES
VALUES ('35','ROGER','LLINAS PUENTE','DOMENECH, 6, 2º 5ª','08190','SANT CUGAT DEL VALLES','M',1,3,1965);
INSERT INTO PARTICIPANTES
VALUES ('36','MIQUEL','URSUL ALTARRIBA','RIERA 13-B','08190','SANT CUGAT DEL VALLES','M',1,4,1960);
INSERT INTO PARTICIPANTES
VALUES ('37','JORDI','CAPDEVILA RIBO','ESTEVE PILA 29','08190','SANT CUGAT DEL VALLES','M',1,4,1954);
INSERT INTO PARTICIPANTES
VALUES ('38','ANTONI','PEÑA BATLLO','PASSEIG TORREBLANCA, 12','08190','SANT CUGAT DEL VALLES','M',1,4,1957);
INSERT INTO PARTICIPANTES
VALUES ('39','GREGORI','DIEZ GARCIA','LA MINA, 74, B','08190','SANT CUGAT DEL VALLES','M',1,5,1946);
INSERT INTO PARTICIPANTES
VALUES ('40','JORDI','MALUQUER DE MOTES BERNET','RODA, 3, B','08190','SANT CUGAT DEL VALLES','M',1,5,1946);
INSERT INTO PARTICIPANTES
VALUES ('41','JORDI','GISPERT GENER','LEON GREDOS, 2','08190','SANT CUGAT DEL VALLES','M',1,5,1944);
INSERT INTO PARTICIPANTES
VALUES ('42','JOSE LUIS','CUQUERELLA LLAURADO','SANT BONAVENTURA, 6, 6º 3ª','08190','SANT CUGAT DEL VALLES','M',1,3,1971);
INSERT INTO PARTICIPANTES
VALUES ('43','FRANCESC','PADROS BOVER','AV. TORREBLANCA, 9, 1º 2ª','08190','SANT CUGAT DEL VALLES','M',1,3,1965);
INSERT INTO PARTICIPANTES
VALUES ('44','JOSEP','QUINTANA PORTILLA','CARRETERA CERDANYOLA, 22, 4º7§','08190','SANT CUGAT DEL VALLES','M',1,4,1954);
INSERT INTO PARTICIPANTES
VALUES ('45','GEOFF','FISHER','ESTAPE, 5, CASA 10','08190','SANT CUGAT DEL VALLES','M',1,4,1952);
INSERT INTO PARTICIPANTES
VALUES ('46','MANUEL','CAMACHO CANACHO','RAMBLA CAN MORA 18  3 2','08190','SANT CUGAT DEL VALLES','M',1,4,1953);
INSERT INTO PARTICIPANTES
VALUES ('47','JAUME','CASTELLO TERSA','ORIENT, 59, 2§ 4º','08190','SANT CUGAT DEL VALLES','M',1,4,1953);
INSERT INTO PARTICIPANTES
VALUES ('48','BERTA','CLAROS CASANOVAS','CASTILLEJOS, 9, 4§ 1º','08190','SANT CUGAT DEL VALLES','F',1,10,1956);
INSERT INTO PARTICIPANTES
VALUES ('49','JAUME','LLUGANY GRAÑO','VILAFRANCA, 16','08190','SANT CUGAT DEL VALLES','M',1,4,1959);
INSERT INTO PARTICIPANTES
VALUES ('50','LLUIS','OLLORA HOYOS','RAMBLA DEL CELLER, 91','08190','SANT CUGAT DEL VALLES','M',1,3,1973);
INSERT INTO PARTICIPANTES
VALUES ('51','VENTURA','SERRANO LOBERA','ONES, 44','08190','SANT CUGAT DEL VALLES','M',1,4,1958);
INSERT INTO PARTICIPANTES
VALUES ('52','JORDI','FORNES MIRO','AULADELL 11, C-6','08190','SANT CUGAT DEL VALLES','M',1,4,1956);
INSERT INTO PARTICIPANTES
VALUES ('53','MERCHE','LOPEZ GARCIA','ABAT ESCARRE, 24, 2º 1ª','08190','SANT CUGAT DEL VALLES','F',1,10,1959);
INSERT INTO PARTICIPANTES
VALUES ('54','MIQUEL','ALFEREZ GONZALO','BERGARA, 76, BAIXOS, 1º','08190','SANT CUGAT DEL VALLES','M',1,4,1954);
INSERT INTO PARTICIPANTES
VALUES ('55','LUIS IGNACIO','RODRIGUEZ VIEJO','ELIES ROGENT, 16, B','08190','SANT CUGAT DEL VALLES','M',2,3,1962);
INSERT INTO PARTICIPANTES
VALUES ('56','JOSEP MARIA','CASAJOANA VILLADELPRAT','ILDEFONS CERDA, 14, 3º 1ª','08190','SANT CUGAT DEL VALLES','M',1,3,1962);
INSERT INTO PARTICIPANTES
VALUES ('57','MIQUEL','BALDI COLL','LLUIS COMPANYS, 21, 4º 4ª','08190','SANT CUGAT DEL VALLES','M',1,3,1962);
INSERT INTO PARTICIPANTES
VALUES ('58','RAMON','PALACIO LEON','SANT JOSEP 6, CASA 16','08190','SANT CUGAT DEL VALLES','M',1,4,1955);
INSERT INTO PARTICIPANTES
VALUES ('59','JACOBO','PUCHE MORILLAS','MERÇE RODOREDA, 2','08190','SANT CUGAT DEL VALLES','M',1,3,1976);
INSERT INTO PARTICIPANTES
VALUES ('60','ALEX','MAÑA PIÑOL','GAUDI, 50, 1º 1ª','08190','SANT CUGAT DEL VALLES','M',1,3,1966);
INSERT INTO PARTICIPANTES
VALUES ('61','ENRIC','MULLOR SANS','CTRA. CERDANYOLA, 13, ESC. A','08190','SANT CUGAT DEL VALLES','M',1,3,1968);
INSERT INTO PARTICIPANTES
VALUES ('62','XAVIER','GIMENEZ XAIXO','ESTAPE, 18, BAIXOS 2º','08190','SANT CUGAT DEL VALLES','M',1,3,1968);
INSERT INTO PARTICIPANTES
VALUES ('63','MARC','MARTINEZ BRAVO','LA CREU, 33, 5º 4ª','08190','SANT CUGAT DEL VALLES','M',1,3,1967);
INSERT INTO PARTICIPANTES
VALUES ('64','IÑIGO','IMAZ LARREA','CREU, 2, 3º 2ª','08190','SANT CUGAT DEL VALLES','M',1,3,1968);
INSERT INTO PARTICIPANTES
VALUES ('65','RAMON','ROMAN VIÑAS','CAMI DEL COLOMER, 2, A, 2º','08190','SANT CUGAT DEL VALLES','M',1,4,1961);
INSERT INTO PARTICIPANTES
VALUES ('66','RODERIC','RODO SALA','SANT ANTONI, 70, AT. 2º','08190','SANT CUGAT DEL VALLES','M',1,4,1954);
INSERT INTO PARTICIPANTES
VALUES ('67','MIGUEL','LIÑAN NAVARRO','CARRER SORIA 85','08195','MIRASOL','M',1,3,1976);
INSERT INTO PARTICIPANTES
VALUES ('68','ANTONI','PARRAS GINFERRER','CAMI MAS ROIG, 41','08197','VALLDOREIX','M',1,5,1950);
INSERT INTO PARTICIPANTES
VALUES ('69','MIQUEL ANGEL','PADILLA ARENAS','BLASCO IBAÑEZ, 20','08197','VALLDOREIX','M',1,3,1968);
INSERT INTO PARTICIPANTES
VALUES ('70','DAVID','CASAS GELABERT','MOLI, 14','08197','VALLDOREIX','M',1,3,1976);
INSERT INTO PARTICIPANTES
VALUES ('71','ALBERTO','ARRIBAS DOMINGUEZ','PASAJE COT, 13','08198','LA FLORESTA','M',1,4,1960);
INSERT INTO PARTICIPANTES
VALUES ('72','JOSEP','GUINDO SOLDEVILA','COL.LEGI, 23, 2º 1ª','08221','TERRASSA','M',18,4,1958);
INSERT INTO PARTICIPANTES
VALUES ('73','EDUARD','TORRES ARGEMI','MAJOR, 69','08232','VILADECAVALLS','M',18,4,1953);
INSERT INTO PARTICIPANTES
VALUES ('74','JOSEP','CASTRO COLODRERO','LLEVANT, 4','08232','VILADECAVALLS','M',18,6,1937);
INSERT INTO PARTICIPANTES
VALUES ('75','RICARD','SALES MALLAFRE','CARRER DE L''ERA, 12','08232','VILADECAVALLS','M',18,3,1962);
INSERT INTO PARTICIPANTES
VALUES ('76','MANEL','GUARDIOLA JULIA','MAJOR, 69','08232','VILADECAVALLS','M',18,3,1963);
INSERT INTO PARTICIPANTES
VALUES ('77','JORDI','GUAL BELTRAN','MAYOR 37','08232','VILADECAVALLS','M',18,3,1964);
INSERT INTO PARTICIPANTES
VALUES ('78','MANUEL','MARTINEZ NIETO','MAJOR, 69','08232','VILADECAVALLS','M',18,4,1961);
INSERT INTO PARTICIPANTES
VALUES ('79','JAVIER','BLAZQUEZ DOMINGO','P. GOYA, 11, 4º 4ª','08290','CERDANYOLA','M',14,3,1965);
INSERT INTO PARTICIPANTES
VALUES ('80','ANTONIO','RODA MANRUBIA','CARRETERA BARCELONA, 184, 1º1º','08290','CERDANYOLA','M',14,5,1951);
INSERT INTO PARTICIPANTES
VALUES ('81','JAIME','MORENO GARCIA','ORENETA, 48, A','08290','CERDANYOLA','M',14,3,1964);
INSERT INTO PARTICIPANTES
VALUES ('82','JOSE VICENTE','DE HARO RUIZ','PAU CASALS, 62, 2º 2ª','08291','RIPOLLET','M',14,5,1944);
INSERT INTO PARTICIPANTES
VALUES ('83','ILDEFONSO','DIAZ GOMEZ','SANT JAIME, 55, 3º 3ª','08291','RIPOLLET','M',14,5,1950);
INSERT INTO PARTICIPANTES
VALUES ('84','JOSEP MARIA','MUÑOZ GARCIA','PASAJE MONTURIOL, 6, 2º 4ª','08291','RIPOLLET','M',14,3,1969);
INSERT INTO PARTICIPANTES
VALUES ('85','RAMON','CONESA BAGUENA','OLIVAR, 18, 2º 3ª','08755','CASTELLBISBAL','M',1,3,1963);
INSERT INTO PARTICIPANTES
VALUES ('86','FRANCISCO','PERELLON TORRES','SAN JOSE, 50','08922','SANTA COLOMA DE GRAMANET','M',7,3,1971);
INSERT INTO PARTICIPANTES
VALUES ('87','JOSE','SUAREZ BRAVO','CERVANTES, 5-B, 4º 1ª','08924','SANTA COLOMA DE GRAMANET','M',7,5,1945);


/*------------------------------------------- CONSULTAS --------------------------------------------------*/
/*1.- Devuelve el dorsal y el nombre de las participantes femeninas 
ordenadas de forma ascendente por el nombre.*/
SELECT DORSAL, NOMBRE
FROM PARTICIPANTES
WHERE SEXO="F" OR SEXO="f"
ORDER BY NOMBRE;

/*2.- Muestra el nombre, apellidos, sexo y edad de los participantes 
de Ripollet  que pertenezcan a la categoría Veteranos B.*/
SELECT p.NOMBRE, p.APELLIDOS, p.SEXO, year(curdate())-p.NACIMIENTO as edad--2018-p.NACIMIENTO--
FROM CATEGORIAS c INNER JOIN PARTICIPANTES p ON c.CODIGO=p.CODIGOCATEGORIA
WHERE P.POBLACION="Ripollet" AND C.CODIGO="B"; 

/*O BIEN*/
SELECT NOMBRE, APELLIDOS, SEXO, YEAR(CURDATE())-NACIMIENTO AS edad
FROM PARTICIPANTES
WHERE POBLACION=Ripollet AND CODIGOCATEGORIA=ANY(
  SELECT CODIGO
  FROM CATEGORIAS
  WHERE NOMBRE="Veteranos B")
);

/*3.- Cuenta el número de participantes de SANT CUGAT DEL VALLÉS, 
Viladecavalls o Cerdanyola agrupados por el nombre del club.*/
SELECT P.COUNT(*)
FROM CLUBS C LEFT JOIN PARTICIPANTES P ON C.CODIGO=P.CODIGOCLUB
WHERE P.POBLACION IN ('Viladecavalls' OR 'Cerdanyola')
GROUP BY C.NOMBRE;


/*4.- Devuelve el nombre, el código postal y la población de los 
participantes del club ATLETIC ESPLUGUI o C. A. ABRERA 
que sean de la categoría Senior.*/
SELECT NOMBRE, CODIGOPOSTAL, POBLACION
FROM PARTICIPANTES
WHERE CODIGOCLUB IN (
  SELECT CODIGO
  FROM CLUBS
  WHERE NOMBRE='ATLETIC ESPLUGUI' OR NOMBRE='C. A. ABRERA')
AND CODIGOCATEGORIA IN  (
  SELECT CODIGO
  FROM CATEGORIAS
  WHERE NOMBRE='Senior')
);

SELECT P.NOMBRE, P.CODIGOPOSTAL, P.POBLACION
FROM CLUBS CL
  INNER JOIN PARTICIPANTES P ON CL.CODIGO=P.CODIGOCLUB 
  INNER JOIN CATEGORIAS CAT ON P.CODIGOCATEGORIA=CAT.CODIGO
WHERE CL.NOMBRE='ATLETIC ESPLUGUI' AND CAT.NOMBRE='Senior';

/*5.- Muestra el nombre y el código de los clubs que no tienen 
participantes.*/
SELECT NOMBRE, CODIGO
FROM CLUBS
WHERE CODIGO NOT IN (
	SELECT CODIGOCLUB
	FROM PARTICIPANTES);

/*O BIEN*/
SELECT C.NOMBRE, C.CODIGO
FROM CLUBS C INNER JOIN PARTICIPANTES P ON C.CODIGO=P.CODIGOCLUB
WHERE P.CODIGOCLUB IS NULL;

/*6.- Muestra en una única columna el nombre y apellidos de los 
participantes cuyo nombre tenga 5 letras o cuyo nombre de club tenga 
tres palabras.*/
SELECT CONCAT(NOMBRE, " ", APELLIDOS)
FROM PARTICIPANTES
WHERE NOMBRE LIKE '_____'
OR CODIGOCLUB IN (
	SELECT NOMBRE
	FROM CLUBS
	WHERE NOMBRE LIKE '% % %')

--CON INNER JOIN LO MISMO--

/*7.- Selecciona el nombre y la edad de los participantes cuya 
edad sea superior a la media. 
Muestra el resultado ordenado de mayor a menor edad*/
SELECT NOMBRE, YEAR(CURDATE())-NACIMIENTO AS EDAD
FROM PARTICIPANTES
WHERE YEAR(CURDATE())-NACIMIENTO>(
	SELECT AVG(YEAR(CURDATE())-NACIMIENTO)
	FROM PARTICIPANTES)
ORDER BY DESC(YEAR(CURDATE())-NACIMIENTO);

/*8.- Devuelve el nombre y apellidos de los participantes 
cuyo nombre coincide con el del participante de más edad.*/
SELECT NOMBRE, APELLIDOS
FROM PARTICIPANTES
WHERE NOMBRE=(
	SELECT NOMBRE
	FROM PARTICIPANTES
	WHERE NACIMIENTO=(
		SELECT MIN(NACIMIENTO)
		FROM PARTICIPANTES));

                   